gstID,startTime_GST,allKpIndex,link,linkedEvents,submissionTime,versionId,CME_ActivityID
2013-06-01T01:00:00-GST-001,2013-06-01 01:00:00+00:00,"[{'observedTime': '2013-06-01T01:00Z', 'kpIndex': 6.0, 'source': 'NOAA'}]",https://webtools.ccmc.gsfc.nasa.gov/DONKI/view/GST/326/-1,[{'activityID': '2013-05-31T15:45:00-HSS-001'}],2013-07-15T19:26Z,1,2013-05-31T15:45:00-HSS-001
2013-06-07T03:00:00-GST-001,2013-06-07 03:00:00+00:00,"[{'observedTime': '2013-06-07T03:00Z', 'kpIndex': 6.0, 'source': 'NOAA'}]",https://webtools.ccmc.gsfc.nasa.gov/DONKI/view/GST/330/-1,[{'activityID': '2013-06-02T20:24:00-CME-001'}],2013-07-15T19:41Z,1,2013-06-02T20:24:00-CME-001
2013-06-29T03:00:00-GST-001,2013-06-29 03:00:00+00:00,"[{'observedTime': '2013-06-29T03:00Z', 'kpIndex': 6.0, 'source': 'NOAA'}, {'observedTime': '2013-06-29T06:00Z', 'kpIndex': 7.0, 'source': 'NOAA'}]",https://webtools.ccmc.gsfc.nasa.gov/DONKI/view/GST/561/-1,,2013-09-25T04:48Z,2,
2013-10-02T03:00:00-GST-001,2013-10-02 03:00:00+00:00,"[{'observedTime': '2013-10-02T06:00Z', 'kpIndex': 6.0, 'source': 'NOAA'}]",https://webtools.ccmc.gsfc.nasa.gov/DONKI/view/GST/3317/-1,"[{'activityID': '2013-09-29T22:40:00-CME-001'}, {'activityID': '2013-10-02T01:54:00-IPS-001'}, {'activityID': '2013-10-02T02:47:00-MPC-001'}]",2013-10-02T13:23Z,1,2013-09-29T22:40:00-CME-001
2013-12-08T00:00:00-GST-001,2013-12-08 00:00:00+00:00,"[{'observedTime': '2013-12-08T03:00Z', 'kpIndex': 6.0, 'source': 'NOAA'}]",https://webtools.ccmc.gsfc.nasa.gov/DONKI/view/GST/3738/-1,"[{'activityID': '2013-12-04T23:12:00-CME-001'}, {'activityID': '2013-12-07T21:30:00-HSS-001'}]",2013-12-08T03:42Z,1,2013-12-04T23:12:00-CME-001
2014-02-19T03:00:00-GST-001,2014-02-19 03:00:00+00:00,"[{'observedTime': '2014-02-19T06:00Z', 'kpIndex': 6.0, 'source': 'NOAA'}]",https://webtools.ccmc.gsfc.nasa.gov/DONKI/view/GST/4632/-1,"[{'activityID': '2014-02-16T14:15:00-CME-001'}, {'activityID': '2014-02-19T03:10:00-IPS-001'}]",2014-03-18T23:25Z,1,2014-02-16T14:15:00-CME-001
2014-02-20T03:00:00-GST-001,2014-02-20 03:00:00+00:00,"[{'observedTime': '2014-02-20T06:00Z', 'kpIndex': 6.0, 'source': 'NOAA'}]",https://webtools.ccmc.gsfc.nasa.gov/DONKI/view/GST/4633/-1,"[{'activityID': '2014-02-18T01:25:00-CME-001'}, {'activityID': '2014-02-20T02:50:00-IPS-001'}, {'activityID': '2014-02-20T05:14:00-MPC-001'}]",2014-03-19T20:13Z,2,2014-02-18T01:25:00-CME-001
2014-02-27T18:00:00-GST-001,2014-02-27 18:00:00+00:00,"[{'observedTime': '2014-02-27T21:00Z', 'kpIndex': 6.0, 'source': 'NOAA'}]",https://webtools.ccmc.gsfc.nasa.gov/DONKI/view/GST/4640/-1,"[{'activityID': '2014-02-25T01:25:00-CME-001'}, {'activityID': '2014-02-27T16:10:00-IPS-001'}]",2014-03-19T22:41Z,1,2014-02-25T01:25:00-CME-001
2014-06-08T03:00:00-GST-001,2014-06-08 03:00:00+00:00,"[{'observedTime': '2014-06-08T06:00Z', 'kpIndex': 6.0, 'source': 'NOAA'}, {'observedTime': '2014-06-08T09:00Z', 'kpIndex': 6.0, 'source': 'NOAA'}]",https://webtools.ccmc.gsfc.nasa.gov/DONKI/view/GST/5691/-1,"[{'activityID': '2014-06-04T13:25:00-CME-001'}, {'activityID': '2014-06-07T16:09:00-IPS-001'}, {'activityID': '2014-06-08T05:08:00-MPC-001'}]",2014-06-08T05:28Z,1,2014-06-04T13:25:00-CME-001
2014-08-19T21:00:00-GST-001,2014-08-19 21:00:00+00:00,"[{'observedTime': '2014-08-20T00:00Z', 'kpIndex': 6.0, 'source': 'NOAA'}]",https://webtools.ccmc.gsfc.nasa.gov/DONKI/view/GST/6430/-1,"[{'activityID': '2014-08-15T21:12:00-CME-001'}, {'activityID': '2014-08-19T05:57:00-IPS-001'}]",2014-08-20T00:37Z,1,2014-08-15T21:12:00-CME-001
2014-09-12T15:00:00-GST-001,2014-09-12 15:00:00+00:00,"[{'observedTime': '2014-09-12T18:00Z', 'kpIndex': 6.0, 'source': 'NOAA'}, {'observedTime': '2014-09-13T00:00Z', 'kpIndex': 7.0, 'source': 'NOAA'}]",https://webtools.ccmc.gsfc.nasa.gov/DONKI/view/GST/6639/-1,"[{'activityID': '2014-09-10T18:18:00-CME-001'}, {'activityID': '2014-09-12T15:26:00-IPS-001'}]",2014-09-12T18:11Z,1,2014-09-10T18:18:00-CME-001
2015-01-07T06:00:00-GST-001,2015-01-07 06:00:00+00:00,"[{'observedTime': '2015-01-07T09:00Z', 'kpIndex': 6.0, 'source': 'NOAA'}, {'observedTime': '2015-01-07T12:00Z', 'kpIndex': 7.0, 'source': 'NOAA'}]",https://webtools.ccmc.gsfc.nasa.gov/DONKI/view/GST/7537/-1,"[{'activityID': '2015-01-07T05:24:00-IPS-001'}, {'activityID': '2015-01-07T08:40:00-MPC-001'}]",2015-01-07T13:42Z,2,2015-01-07T05:24:00-IPS-001
2015-03-17T06:00:00-GST-001,2015-03-17 06:00:00+00:00,"[{'observedTime': '2015-03-17T09:00Z', 'kpIndex': 6.0, 'source': 'NOAA'}, {'observedTime': '2015-03-17T12:00Z', 'kpIndex': 6.0, 'source': 'NOAA'}, {'observedTime': '2015-03-17T15:00Z', 'kpIndex': 8.0, 'source': 'NOAA'}, {'observedTime': '2015-03-17T18:00Z', 'kpIndex': 8.0, 'source': 'NOAA'}, {'observedTime': '2015-03-17T21:00Z', 'kpIndex': 7.0, 'source': 'NOAA'}, {'observedTime': '2015-03-18T00:00Z', 'kpIndex': 8.0, 'source': 'NOAA'}, {'observedTime': '2015-03-18T03:00Z', 'kpIndex': 6.0, 'source': 'NOAA'}, {'observedTime': '2015-03-18T18:00Z', 'kpIndex': 6.0, 'source': 'NOAA'}]",https://webtools.ccmc.gsfc.nasa.gov/DONKI/view/GST/8031/-1,"[{'activityID': '2015-03-15T02:00:00-CME-001'}, {'activityID': '2015-03-17T04:05:00-IPS-001'}, {'activityID': '2015-03-16T00:00:00-HSS-001'}]",2015-03-18T18:43Z,2,2015-03-15T02:00:00-CME-001
2015-03-22T06:00:00-GST-001,2015-03-22 06:00:00+00:00,"[{'observedTime': '2015-03-22T09:00Z', 'kpIndex': 6.0, 'source': 'NOAA'}]",https://webtools.ccmc.gsfc.nasa.gov/DONKI/view/GST/8077/-1,[{'activityID': '2015-03-21T20:25:00-IPS-001'}],2015-03-22T09:34Z,1,2015-03-21T20:25:00-IPS-001
2015-04-10T03:00:00-GST-001,2015-04-10 03:00:00+00:00,"[{'observedTime': '2015-04-10T06:00Z', 'kpIndex': 6.0, 'source': 'NOAA'}, {'observedTime': '2015-04-10T06:00Z', 'kpIndex': 6.0, 'source': 'NOAA'}, {'observedTime': '2015-04-10T09:00Z', 'kpIndex': 6.0, 'source': 'NOAA'}]",https://webtools.ccmc.gsfc.nasa.gov/DONKI/view/GST/8201/-1,,2015-04-10T06:11Z,1,
2015-04-16T21:00:00-GST-001,2015-04-16 21:00:00+00:00,"[{'observedTime': '2015-04-17T00:00Z', 'kpIndex': 6.0, 'source': 'NOAA'}]",https://webtools.ccmc.gsfc.nasa.gov/DONKI/view/GST/8246/-1,,2015-04-17T00:14Z,1,
2015-05-13T03:00:00-GST-001,2015-05-13 03:00:00+00:00,"[{'observedTime': '2015-05-13T06:00Z', 'kpIndex': 6.0, 'source': 'NOAA'}, {'observedTime': '2015-05-13T09:00Z', 'kpIndex': 6.0, 'source': 'NOAA'}]",https://webtools.ccmc.gsfc.nasa.gov/DONKI/view/GST/8487/-1,[{'activityID': '2015-05-12T17:20:00-HSS-001'}],2015-05-13T06:28Z,1,2015-05-12T17:20:00-HSS-001
2015-05-13T04:30:00-GST-001,2015-05-13 04:30:00+00:00,"[{'observedTime': '2015-05-13T09:00Z', 'kpIndex': 6.0, 'source': 'NOAA'}]",https://webtools.ccmc.gsfc.nasa.gov/DONKI/view/GST/8489/-1,,2015-05-13T12:08Z,1,
2015-05-19T00:00:00-GST-001,2015-05-19 00:00:00+00:00,"[{'observedTime': '2015-05-19T03:00Z', 'kpIndex': 6.0, 'source': 'NOAA'}, {'observedTime': '2015-05-19T03:00Z', 'kpIndex': 6.0, 'source': 'NOAA'}]",https://webtools.ccmc.gsfc.nasa.gov/DONKI/view/GST/8521/-1,,2015-05-19T03:50Z,1,
2015-06-08T06:00:00-GST-001,2015-06-08 06:00:00+00:00,"[{'observedTime': '2015-06-08T09:00Z', 'kpIndex': 6.0, 'source': 'NOAA'}]",https://webtools.ccmc.gsfc.nasa.gov/DONKI/view/GST/8621/-1,[{'activityID': '2015-06-08T00:16:00-HSS-001'}],2015-06-08T09:10Z,1,2015-06-08T00:16:00-HSS-001
2015-06-22T18:00:00-GST-001,2015-06-22 18:00:00+00:00,"[{'observedTime': '2015-06-22T21:00Z', 'kpIndex': 8.0, 'source': 'NOAA'}, {'observedTime': '2015-06-22T21:00Z', 'kpIndex': 8.0, 'source': 'NOAA'}, {'observedTime': '2015-06-23T03:00Z', 'kpIndex': 7.0, 'source': 'NOAA'}, {'observedTime': '2015-06-23T06:00Z', 'kpIndex': 8.0, 'source': 'NOAA'}, {'observedTime': '2015-06-23T09:00Z', 'kpIndex': 6.0, 'source': 'NOAA'}, {'observedTime': '2015-06-23T15:00Z', 'kpIndex': 6.0, 'source': 'NOAA'}]",https://webtools.ccmc.gsfc.nasa.gov/DONKI/view/GST/8763/-1,"[{'activityID': '2015-06-21T02:48:00-CME-001'}, {'activityID': '2015-06-22T17:59:00-IPS-001'}]",2015-06-22T21:22Z,1,2015-06-21T02:48:00-CME-001
2015-06-25T06:00:00-GST-001,2015-06-25 06:00:00+00:00,"[{'observedTime': '2015-06-25T09:00Z', 'kpIndex': 6.0, 'source': 'NOAA'}]",https://webtools.ccmc.gsfc.nasa.gov/DONKI/view/GST/8802/-1,"[{'activityID': '2015-06-22T18:36:00-CME-001'}, {'activityID': '2015-06-24T12:57:00-IPS-001'}]",2015-06-25T09:24Z,1,2015-06-22T18:36:00-CME-001
2015-07-04T13:00:00-GST-001,2015-07-04 13:00:00+00:00,"[{'observedTime': '2015-07-05T00:00Z', 'kpIndex': 5.0, 'source': 'NOAA'}, {'observedTime': '2015-07-05T03:00Z', 'kpIndex': 6.0, 'source': 'NOAA'}, {'observedTime': '2015-07-05T03:00Z', 'kpIndex': 6.0, 'source': 'NOAA'}]",https://webtools.ccmc.gsfc.nasa.gov/DONKI/view/GST/8862/-1,"[{'activityID': '2015-07-04T11:58:00-IPS-001'}, {'activityID': '2015-07-04T11:59:00-HSS-001'}, {'activityID': '2015-07-04T20:20:00-MPC-001'}]",2015-07-05T01:39Z,1,2015-07-04T11:58:00-IPS-001
2015-08-15T09:00:00-GST-001,2015-08-15 09:00:00+00:00,"[{'observedTime': '2015-08-15T12:00Z', 'kpIndex': 7.0, 'source': 'NOAA'}, {'observedTime': '2015-08-15T15:00Z', 'kpIndex': 6.0, 'source': 'NOAA'}, {'observedTime': '2015-08-16T09:00Z', 'kpIndex': 6.0, 'source': 'NOAA'}]",https://webtools.ccmc.gsfc.nasa.gov/DONKI/view/GST/9113/-1,"[{'activityID': '2015-08-12T15:12:00-CME-001'}, {'activityID': '2015-08-13T00:30:00-CME-001'}, {'activityID': '2015-08-15T07:43:00-IPS-001'}, {'activityID': '2015-08-15T11:03:00-MPC-001'}]",2015-08-15T12:33Z,1,2015-08-12T15:12:00-CME-001
2015-08-23T06:00:00-GST-001,2015-08-23 06:00:00+00:00,"[{'observedTime': '2015-08-23T09:00Z', 'kpIndex': 6.0, 'source': 'NOAA'}]",https://webtools.ccmc.gsfc.nasa.gov/DONKI/view/GST/9162/-1,[{'activityID': '2015-08-23T07:15:00-HSS-001'}],2015-08-23T09:10Z,1,2015-08-23T07:15:00-HSS-001
2015-08-27T03:00:00-GST-001,2015-08-27 03:00:00+00:00,"[{'observedTime': '2015-08-27T06:00Z', 'kpIndex': 6.0, 'source': 'NOAA'}, {'observedTime': '2015-08-27T09:00Z', 'kpIndex': 6.0, 'source': 'NOAA'}]",https://webtools.ccmc.gsfc.nasa.gov/DONKI/view/GST/9200/-1,,2015-08-27T06:43Z,1,
2015-08-27T21:00:00-GST-001,2015-08-27 21:00:00+00:00,"[{'observedTime': '2015-08-28T00:00Z', 'kpIndex': 6.0, 'source': 'NOAA'}, {'observedTime': '2015-08-28T03:00Z', 'kpIndex': 6.0, 'source': 'NOAA'}]",https://webtools.ccmc.gsfc.nasa.gov/DONKI/view/GST/9210/-1,,2015-08-28T00:29Z,1,
2015-08-28T18:00:00-GST-001,2015-08-28 18:00:00+00:00,"[{'observedTime': '2015-08-28T21:00Z', 'kpIndex': 6.0, 'source': 'NOAA'}]",https://webtools.ccmc.gsfc.nasa.gov/DONKI/view/GST/9230/-1,[{'activityID': '2015-08-28T16:00:00-HSS-001'}],2015-08-31T13:46Z,1,2015-08-28T16:00:00-HSS-001
2015-09-07T15:00:00-GST-001,2015-09-07 15:00:00+00:00,"[{'observedTime': '2015-09-07T18:00Z', 'kpIndex': 6.0, 'source': 'NOAA'}, {'observedTime': '2015-09-07T21:00Z', 'kpIndex': 6.0, 'source': 'NOAA'}, {'observedTime': '2015-09-08T00:00Z', 'kpIndex': 6.0, 'source': 'NOAA'}, {'observedTime': '2015-09-08T03:00Z', 'kpIndex': 6.0, 'source': 'NOAA'}, {'observedTime': '2015-09-08T06:00Z', 'kpIndex': 6.0, 'source': 'NOAA'}]",https://webtools.ccmc.gsfc.nasa.gov/DONKI/view/GST/9274/-1,"[{'activityID': '2015-09-07T12:22:00-HSS-001'}, {'activityID': '2015-09-07T13:20:00-IPS-001'}]",2015-09-09T16:52Z,2,2015-09-07T12:22:00-HSS-001
2015-09-09T03:00:00-GST-001,2015-09-09 03:00:00+00:00,"[{'observedTime': '2015-09-09T06:00Z', 'kpIndex': 6.0, 'source': 'NOAA'}, {'observedTime': '2015-09-09T09:00Z', 'kpIndex': 6.0, 'source': 'NOAA'}, {'observedTime': '2015-09-09T15:00Z', 'kpIndex': 6.0, 'source': 'NOAA'}, {'observedTime': '2015-09-09T21:00Z', 'kpIndex': 6.0, 'source': 'NOAA'}, {'observedTime': '2015-09-10T00:00Z', 'kpIndex': 6.0, 'source': 'NOAA'}]",https://webtools.ccmc.gsfc.nasa.gov/DONKI/view/GST/9294/-1,"[{'activityID': '2015-09-04T14:12:00-CME-001'}, {'activityID': '2015-09-04T19:24:00-CME-001'}]",2015-09-09T15:16Z,2,2015-09-04T14:12:00-CME-001
2015-09-11T06:00:00-GST-001,2015-09-11 06:00:00+00:00,"[{'observedTime': '2015-09-11T09:00Z', 'kpIndex': 7.0, 'source': 'NOAA'}, {'observedTime': '2015-09-11T12:00Z', 'kpIndex': 6.0, 'source': 'NOAA'}, {'observedTime': '2015-09-11T18:00Z', 'kpIndex': 6.0, 'source': 'NOAA'}]",https://webtools.ccmc.gsfc.nasa.gov/DONKI/view/GST/9302/-1,"[{'activityID': '2015-09-06T23:30:00-CME-001'}, {'activityID': '2015-09-07T10:36:00-CME-001'}, {'activityID': '2015-09-11T06:43:00-HSS-001'}]",2015-09-11T09:32Z,1,2015-09-06T23:30:00-CME-001
2015-09-20T06:00:00-GST-001,2015-09-20 06:00:00+00:00,"[{'observedTime': '2015-09-20T09:00Z', 'kpIndex': 7.0, 'source': 'NOAA'}]",https://webtools.ccmc.gsfc.nasa.gov/DONKI/view/GST/9349/-1,"[{'activityID': '2015-09-18T05:00:00-CME-001'}, {'activityID': '2015-09-20T05:33:00-IPS-001'}]",2015-09-20T09:16Z,1,2015-09-18T05:00:00-CME-001
2015-09-20T09:00:00-GST-001,2015-09-20 09:00:00+00:00,"[{'observedTime': '2015-09-20T12:00Z', 'kpIndex': 5.0, 'source': 'NOAA'}]",https://webtools.ccmc.gsfc.nasa.gov/DONKI/view/GST/9352/-1,"[{'activityID': '2015-09-18T05:00:00-CME-001'}, {'activityID': '2015-09-20T05:33:00-IPS-001'}]",2015-09-20T13:39Z,1,2015-09-18T05:00:00-CME-001
2015-10-07T18:00:00-GST-001,2015-10-07 18:00:00+00:00,"[{'observedTime': '2015-10-07T06:00Z', 'kpIndex': 6.0, 'source': 'NOAA'}, {'observedTime': '2015-10-07T09:00Z', 'kpIndex': 6.0, 'source': 'NOAA'}, {'observedTime': '2015-10-07T18:00Z', 'kpIndex': 6.0, 'source': 'NOAA'}, {'observedTime': '2015-10-07T21:00Z', 'kpIndex': 7.0, 'source': 'NOAA'}, {'observedTime': '2015-10-07T21:00Z', 'kpIndex': 7.0, 'source': 'NOAA'}, {'observedTime': '2015-10-08T00:00Z', 'kpIndex': 6.0, 'source': 'NOAA'}, {'observedTime': '2015-10-08T06:00Z', 'kpIndex': 6.0, 'source': 'NOAA'}, {'observedTime': '2015-10-08T09:00Z', 'kpIndex': 6.0, 'source': 'NOAA'}]",https://webtools.ccmc.gsfc.nasa.gov/DONKI/view/GST/9466/-1,[{'activityID': '2015-10-07T13:00:00-HSS-001'}],2015-10-07T20:04Z,3,2015-10-07T13:00:00-HSS-001
2015-11-07T03:00:00-GST-001,2015-11-07 03:00:00+00:00,"[{'observedTime': '2015-11-07T06:00Z', 'kpIndex': 6.0, 'source': 'NOAA'}, {'observedTime': '2015-11-07T09:00Z', 'kpIndex': 6.0, 'source': 'NOAA'}]",https://webtools.ccmc.gsfc.nasa.gov/DONKI/view/GST/9662/-1,"[{'activityID': '2015-11-04T14:24:00-CME-001'}, {'activityID': '2015-11-06T17:34:00-IPS-001'}]",2015-11-07T06:43Z,1,2015-11-04T14:24:00-CME-001
2015-11-10T12:00:00-GST-001,2015-11-10 12:00:00+00:00,"[{'observedTime': '2015-11-10T15:00Z', 'kpIndex': 6.0, 'source': 'NOAA'}]",https://webtools.ccmc.gsfc.nasa.gov/DONKI/view/GST/9682/-1,[{'activityID': '2015-11-09T19:00:00-HSS-001'}],2015-11-10T15:36Z,1,2015-11-09T19:00:00-HSS-001
2015-12-20T03:00:00-GST-001,2015-12-20 03:00:00+00:00,"[{'observedTime': '2015-12-20T06:00Z', 'kpIndex': 6.0, 'source': 'NOAA'}, {'observedTime': '2015-12-20T18:00Z', 'kpIndex': 6.0, 'source': 'NOAA'}, {'observedTime': '2015-12-20T21:00Z', 'kpIndex': 6.0, 'source': 'NOAA'}, {'observedTime': '2015-12-21T00:00Z', 'kpIndex': 6.0, 'source': 'NOAA'}, {'observedTime': '2015-12-21T03:00Z', 'kpIndex': 6.0, 'source': 'NOAA'}, {'observedTime': '2015-12-21T06:00Z', 'kpIndex': 6.0, 'source': 'NOAA'}]",https://webtools.ccmc.gsfc.nasa.gov/DONKI/view/GST/9878/-1,"[{'activityID': '2015-12-16T09:36:00-CME-001'}, {'activityID': '2015-12-16T14:48:00-CME-001'}, {'activityID': '2015-12-19T15:27:00-IPS-001'}, {'activityID': '2015-12-20T00:04:00-MPC-001'}]",2015-12-20T06:47Z,1,2015-12-16T09:36:00-CME-001
2015-12-31T13:30:00-GST-001,2015-12-31 13:30:00+00:00,"[{'observedTime': '2015-12-31T12:00Z', 'kpIndex': 6.0, 'source': 'NOAA'}, {'observedTime': '2015-12-31T15:00Z', 'kpIndex': 6.0, 'source': 'NOAA'}, {'observedTime': '2016-01-01T00:00Z', 'kpIndex': 6.0, 'source': 'NOAA'}, {'observedTime': '2016-01-01T03:00Z', 'kpIndex': 6.0, 'source': 'NOAA'}]",https://webtools.ccmc.gsfc.nasa.gov/DONKI/view/GST/9956/-1,"[{'activityID': '2015-12-28T12:39:00-CME-001'}, {'activityID': '2015-12-31T23:52:00-MPC-001'}]",2015-12-31T15:32Z,1,2015-12-28T12:39:00-CME-001
2016-01-21T03:00:00-GST-001,2016-01-21 03:00:00+00:00,"[{'observedTime': '2016-01-21T06:00Z', 'kpIndex': 6.0, 'source': 'NOAA'}]",https://webtools.ccmc.gsfc.nasa.gov/DONKI/view/GST/10074/-1,"[{'activityID': '2016-01-15T00:00:00-CME-001'}, {'activityID': '2016-01-21T10:00:00-HSS-001'}]",2016-01-21T06:28Z,1,2016-01-15T00:00:00-CME-001
2016-02-16T18:00:00-GST-001,2016-02-16 18:00:00+00:00,"[{'observedTime': '2016-02-16T21:00Z', 'kpIndex': 6.0, 'source': 'NOAA'}, {'observedTime': '2016-02-16T21:00Z', 'kpIndex': 6.0, 'source': 'NOAA'}]",https://webtools.ccmc.gsfc.nasa.gov/DONKI/view/GST/10217/-1,[{'activityID': '2016-02-16T01:55:00-HSS-001'}],2016-02-16T22:00Z,2,2016-02-16T01:55:00-HSS-001
2016-02-17T21:00:00-GST-001,2016-02-17 21:00:00+00:00,"[{'observedTime': '2016-02-18T00:00Z', 'kpIndex': 6.0, 'source': 'NOAA'}]",https://webtools.ccmc.gsfc.nasa.gov/DONKI/view/GST/10231/-1,[{'activityID': '2016-02-16T01:55:00-HSS-001'}],2016-02-18T01:19Z,2,2016-02-16T01:55:00-HSS-001
none,2016-02-17 21:00:00+00:00,"[{'observedTime': '2016-02-19T00:00Z', 'kpIndex': 6.0, 'source': 'NOAA'}]",https://webtools.ccmc.gsfc.nasa.gov/DONKI/view/GST/10233/-1,,2016-02-18T01:06Z,2,
2016-03-06T18:00:00-GST-001,2016-03-06 18:00:00+00:00,"[{'observedTime': '2016-03-06T21:00Z', 'kpIndex': 6.0, 'source': 'NOAA'}, {'observedTime': '2016-03-06T21:00Z', 'kpIndex': 6.0, 'source': 'NOAA'}, {'observedTime': '2016-03-07T00:00Z', 'kpIndex': 7.0, 'source': 'NOAA'}]",https://webtools.ccmc.gsfc.nasa.gov/DONKI/view/GST/10302/-1,"[{'activityID': '2016-03-06T04:30:00-IPS-001'}, {'activityID': '2016-03-06T09:00:00-HSS-001'}, {'activityID': '2016-03-06T16:32:00-MPC-001'}]",2016-03-06T21:35Z,1,2016-03-06T04:30:00-IPS-001
2016-03-11T12:00:00-GST-001,2016-03-11 12:00:00+00:00,"[{'observedTime': '2016-03-11T15:00Z', 'kpIndex': 6.0, 'source': 'NOAA'}, {'observedTime': '2016-03-11T15:00Z', 'kpIndex': 6.0, 'source': 'NOAA'}]",https://webtools.ccmc.gsfc.nasa.gov/DONKI/view/GST/10325/-1,"[{'activityID': '2016-03-11T04:21:00-IPS-001'}, {'activityID': '2016-03-11T13:00:00-MPC-001'}]",2016-03-11T15:39Z,1,2016-03-11T04:21:00-IPS-001
2016-04-02T21:00:00-GST-001,2016-04-02 21:00:00+00:00,"[{'observedTime': '2016-04-03T00:00Z', 'kpIndex': 6.0, 'source': 'NOAA'}]",https://webtools.ccmc.gsfc.nasa.gov/DONKI/view/GST/10421/-1,,2016-04-03T00:28Z,1,
2016-04-02T22:30:00-GST-001,2016-04-02 22:30:00+00:00,"[{'observedTime': '2016-04-03T00:00Z', 'kpIndex': 6.0, 'source': 'NOAA'}]",https://webtools.ccmc.gsfc.nasa.gov/DONKI/view/GST/10423/-1,[{'activityID': '2016-03-31T01:25:00-CME-001'}],2016-04-03T00:31Z,1,2016-03-31T01:25:00-CME-001
2016-05-02T03:00:00-GST-001,2016-05-02 03:00:00+00:00,"[{'observedTime': '2016-05-02T06:00Z', 'kpIndex': 6.0, 'source': 'NOAA'}]",https://webtools.ccmc.gsfc.nasa.gov/DONKI/view/GST/10581/-1,[{'activityID': '2016-05-01T13:30:00-HSS-001'}],2016-05-02T06:22Z,1,2016-05-01T13:30:00-HSS-001
2016-05-08T00:00:00-GST-001,2016-05-08 00:00:00+00:00,"[{'observedTime': '2016-05-08T03:00Z', 'kpIndex': 6.0, 'source': 'NOAA'}, {'observedTime': '2016-05-08T03:00Z', 'kpIndex': 6.0, 'source': 'NOAA'}, {'observedTime': '2016-05-08T06:00Z', 'kpIndex': 7.0, 'source': 'NOAA'}, {'observedTime': '2016-05-08T06:00Z', 'kpIndex': 7.0, 'source': 'NOAA'}, {'observedTime': '2016-05-08T09:00Z', 'kpIndex': 6.0, 'source': 'NOAA'}, {'observedTime': '2016-05-09T00:00Z', 'kpIndex': 6.0, 'source': 'NOAA'}, {'observedTime': '2016-05-09T03:00Z', 'kpIndex': 7.0, 'source': 'NOAA'}]",https://webtools.ccmc.gsfc.nasa.gov/DONKI/view/GST/10610/-1,[{'activityID': '2016-05-08T01:21:00-HSS-001'}],2016-05-08T03:31Z,1,2016-05-08T01:21:00-HSS-001
2016-06-06T03:00:00-GST-001,2016-06-06 03:00:00+00:00,"[{'observedTime': '2016-06-06T06:00Z', 'kpIndex': 6.0, 'source': 'NOAA'}]",https://webtools.ccmc.gsfc.nasa.gov/DONKI/view/GST/10741/-1,[{'activityID': '2016-06-04T23:00:00-HSS-001'}],2016-06-06T06:26Z,1,2016-06-04T23:00:00-HSS-001
2016-06-14T18:00:00-GST-001,2016-06-14 18:00:00+00:00,"[{'observedTime': '2016-06-14T21:00Z', 'kpIndex': 6.0, 'source': 'NOAA'}, {'observedTime': '2016-06-14T21:00Z', 'kpIndex': 6.0, 'source': 'NOAA'}]",https://webtools.ccmc.gsfc.nasa.gov/DONKI/view/GST/10775/-1,,2016-06-14T21:29Z,1,
2016-09-01T21:00:00-GST-001,2016-09-01 21:00:00+00:00,"[{'observedTime': '2016-09-02T00:00Z', 'kpIndex': 6.0, 'source': 'NOAA'}, {'observedTime': '2016-09-02T06:00Z', 'kpIndex': 6.0, 'source': 'NOAA'}, {'observedTime': '2016-09-03T06:00Z', 'kpIndex': 6.0, 'source': 'NOAA'}]",https://webtools.ccmc.gsfc.nasa.gov/DONKI/view/GST/11205/-1,[{'activityID': '2016-09-01T10:00:00-HSS-001'}],2016-09-02T12:18Z,2,2016-09-01T10:00:00-HSS-001
2016-09-27T15:00:00-GST-001,2016-09-27 15:00:00+00:00,"[{'observedTime': '2016-09-27T18:00Z', 'kpIndex': 6.0, 'source': 'NOAA'}]",https://webtools.ccmc.gsfc.nasa.gov/DONKI/view/GST/11309/-1,[{'activityID': '2016-09-26T07:05:00-HSS-001'}],2016-09-27T18:24Z,1,2016-09-26T07:05:00-HSS-001
2016-09-28T18:00:00-GST-001,2016-09-28 18:00:00+00:00,"[{'observedTime': '2016-09-28T21:00Z', 'kpIndex': 6.0, 'source': 'NOAA'}]",https://webtools.ccmc.gsfc.nasa.gov/DONKI/view/GST/11318/-1,[{'activityID': '2016-09-26T07:05:00-HSS-001'}],2016-09-28T21:36Z,1,2016-09-26T07:05:00-HSS-001
2016-10-13T15:00:00-GST-001,2016-10-13 15:00:00+00:00,"[{'observedTime': '2016-10-13T18:00Z', 'kpIndex': 6.0, 'source': 'NOAA'}, {'observedTime': '2016-10-13T21:00Z', 'kpIndex': 6.0, 'source': 'NOAA'}, {'observedTime': '2016-10-14T03:00Z', 'kpIndex': 6.0, 'source': 'NOAA'}]",https://webtools.ccmc.gsfc.nasa.gov/DONKI/view/GST/11387/-1,"[{'activityID': '2016-10-08T21:09:00-CME-001'}, {'activityID': '2016-10-12T21:21:00-IPS-001'}]",2016-10-13T18:27Z,1,2016-10-08T21:09:00-CME-001
2016-10-25T12:00:00-GST-001,2016-10-25 12:00:00+00:00,"[{'observedTime': '2016-10-25T15:00Z', 'kpIndex': 6.0, 'source': 'NOAA'}, {'observedTime': '2016-10-25T15:00Z', 'kpIndex': 7.0, 'source': 'NOAA'}, {'observedTime': '2016-10-25T18:00Z', 'kpIndex': 6.0, 'source': 'NOAA'}, {'observedTime': '2016-10-26T00:00Z', 'kpIndex': 6.0, 'source': 'NOAA'}, {'observedTime': '2016-10-26T12:00Z', 'kpIndex': 6.0, 'source': 'NOAA'}, {'observedTime': '2016-10-26T18:00Z', 'kpIndex': 6.0, 'source': 'NOAA'}]",https://webtools.ccmc.gsfc.nasa.gov/DONKI/view/GST/11438/-1,[{'activityID': '2016-10-25T09:29:00-HSS-001'}],2016-10-25T14:16Z,1,2016-10-25T09:29:00-HSS-001
2016-11-25T03:00:00-GST-001,2016-11-25 03:00:00+00:00,"[{'observedTime': '2016-11-25T06:00Z', 'kpIndex': 6.0, 'source': 'NOAA'}]",https://webtools.ccmc.gsfc.nasa.gov/DONKI/view/GST/11725/-1,[{'activityID': '2016-11-24T05:14:00-HSS-001'}],2016-11-25T06:33Z,1,2016-11-24T05:14:00-HSS-001
2016-12-21T15:00:00-GST-001,2016-12-21 15:00:00+00:00,"[{'observedTime': '2016-12-21T18:00Z', 'kpIndex': 6.0, 'source': 'NOAA'}]",https://webtools.ccmc.gsfc.nasa.gov/DONKI/view/GST/12019/-1,[{'activityID': '2016-12-21T03:37:00-HSS-001'}],2016-12-21T18:44Z,1,2016-12-21T03:37:00-HSS-001
2017-03-01T23:00:00-GST-001,2017-03-01 23:00:00+00:00,"[{'observedTime': '2017-03-02T00:00Z', 'kpIndex': 6.0, 'source': 'NOAA'}, {'observedTime': '2017-03-02T00:00Z', 'kpIndex': 6.0, 'source': 'NOAA'}]",https://webtools.ccmc.gsfc.nasa.gov/DONKI/view/GST/12246/-1,[{'activityID': '2017-03-01T06:00:00-HSS-001'}],2017-03-01T23:56Z,1,2017-03-01T06:00:00-HSS-001
2017-03-27T09:00:00-GST-001,2017-03-27 09:00:00+00:00,"[{'observedTime': '2017-03-27T12:00Z', 'kpIndex': 6.0, 'source': 'NOAA'}, {'observedTime': '2017-03-27T12:00Z', 'kpIndex': 6.0, 'source': 'NOAA'}, {'observedTime': '2017-03-27T21:00Z', 'kpIndex': 6.0, 'source': 'NOAA'}]",https://webtools.ccmc.gsfc.nasa.gov/DONKI/view/GST/12324/-1,[{'activityID': '2017-03-27T00:00:00-HSS-001'}],2017-03-27T12:18Z,1,2017-03-27T00:00:00-HSS-001
2017-04-20T03:00:00-GST-001,2017-04-20 03:00:00+00:00,"[{'observedTime': '2017-04-20T06:00Z', 'kpIndex': 6.0, 'source': 'NOAA'}]",https://webtools.ccmc.gsfc.nasa.gov/DONKI/view/GST/12475/-1,[{'activityID': '2017-04-18T18:02:00-HSS-001'}],2017-04-20T06:33Z,1,2017-04-18T18:02:00-HSS-001
2017-04-22T03:00:00-GST-001,2017-04-22 03:00:00+00:00,"[{'observedTime': '2017-04-22T06:00Z', 'kpIndex': 6.0, 'source': 'NOAA'}]",https://webtools.ccmc.gsfc.nasa.gov/DONKI/view/GST/12490/-1,"[{'activityID': '2017-04-18T18:02:00-HSS-001'}, {'activityID': '2017-04-21T11:20:00-HSS-001'}]",2017-04-22T06:38Z,1,2017-04-18T18:02:00-HSS-001
2017-04-23T06:00:00-GST-001,2017-04-23 06:00:00+00:00,"[{'observedTime': '2017-04-23T09:00Z', 'kpIndex': 6.0, 'source': 'NOAA'}]",https://webtools.ccmc.gsfc.nasa.gov/DONKI/view/GST/12495/-1,[{'activityID': '2017-04-21T11:20:00-HSS-001'}],2017-04-23T14:55Z,1,2017-04-21T11:20:00-HSS-001
2017-05-27T21:00:00-GST-001,2017-05-27 21:00:00+00:00,"[{'observedTime': '2017-05-28T00:00Z', 'kpIndex': 6.0, 'source': 'NOAA'}, {'observedTime': '2017-05-28T03:00Z', 'kpIndex': 6.0, 'source': 'NOAA'}, {'observedTime': '2017-05-28T06:00Z', 'kpIndex': 7.0, 'source': 'NOAA'}, {'observedTime': '2017-05-28T09:00Z', 'kpIndex': 6.0, 'source': 'NOAA'}]",https://webtools.ccmc.gsfc.nasa.gov/DONKI/view/GST/12602/-1,,2017-05-28T00:30Z,1,
2017-07-16T12:00:00-GST-001,2017-07-16 12:00:00+00:00,"[{'observedTime': '2017-07-16T15:00Z', 'kpIndex': 6.0, 'source': 'NOAA'}, {'observedTime': '2017-07-16T21:00Z', 'kpIndex': 6.0, 'source': 'NOAA'}, {'observedTime': '2017-07-17T18:00Z', 'kpIndex': 6.0, 'source': 'NOAA'}]",https://webtools.ccmc.gsfc.nasa.gov/DONKI/view/GST/12785/-1,"[{'activityID': '2017-07-14T01:36:00-CME-001'}, {'activityID': '2017-07-16T05:14:00-IPS-001'}, {'activityID': '2017-07-16T11:23:00-MPC-001'}]",2017-07-19T14:48Z,5,2017-07-14T01:36:00-CME-001
2017-08-22T00:00:00-GST-001,2017-08-22 00:00:00+00:00,"[{'observedTime': '2017-08-22T03:00Z', 'kpIndex': 6.0, 'source': 'NOAA'}]",https://webtools.ccmc.gsfc.nasa.gov/DONKI/view/GST/12928/-1,[{'activityID': '2017-08-17T08:00:00-HSS-001'}],2017-08-22T03:29Z,1,2017-08-17T08:00:00-HSS-001
2017-09-07T21:00:00-GST-001,2017-09-07 21:00:00+00:00,"[{'observedTime': '2017-09-08T00:00Z', 'kpIndex': 8.0, 'source': 'NOAA'}, {'observedTime': '2017-09-08T03:00Z', 'kpIndex': 8.0, 'source': 'NOAA'}]",https://webtools.ccmc.gsfc.nasa.gov/DONKI/view/GST/13054/-1,"[{'activityID': '2017-09-06T12:24:00-CME-001'}, {'activityID': '2017-09-07T22:30:00-IPS-001'}, {'activityID': '2017-09-07T23:58:00-MPC-001'}]",2017-09-08T00:40Z,1,2017-09-06T12:24:00-CME-001
2017-09-08T12:00:00-GST-001,2017-09-08 12:00:00+00:00,"[{'observedTime': '2017-09-08T15:00Z', 'kpIndex': 8.0, 'source': 'NOAA'}, {'observedTime': '2017-09-08T18:00Z', 'kpIndex': 7.0, 'source': 'NOAA'}, {'observedTime': '2017-09-08T21:00Z', 'kpIndex': 6.0, 'source': 'NOAA'}]",https://webtools.ccmc.gsfc.nasa.gov/DONKI/view/GST/13066/-1,"[{'activityID': '2017-09-06T12:24:00-CME-001'}, {'activityID': '2017-09-07T22:30:00-IPS-001'}, {'activityID': '2017-09-08T12:27:00-MPC-001'}]",2017-09-08T15:32Z,1,2017-09-06T12:24:00-CME-001
2017-09-14T15:00:00-GST-001,2017-09-14 15:00:00+00:00,"[{'observedTime': '2017-09-14T18:00Z', 'kpIndex': 6.0, 'source': 'NOAA'}, {'observedTime': '2017-09-15T03:00Z', 'kpIndex': 6.0, 'source': 'NOAA'}, {'observedTime': '2017-09-16T06:00Z', 'kpIndex': 6.0, 'source': 'NOAA'}]",https://webtools.ccmc.gsfc.nasa.gov/DONKI/view/GST/13150/-1,[{'activityID': '2017-09-14T12:00:00-HSS-001'}],2017-09-14T18:42Z,1,2017-09-14T12:00:00-HSS-001
2017-09-27T18:00:00-GST-001,2017-09-27 18:00:00+00:00,"[{'observedTime': '2017-09-27T21:00Z', 'kpIndex': 6.0, 'source': 'NOAA'}, {'observedTime': '2017-09-28T00:00Z', 'kpIndex': 6.0, 'source': 'NOAA'}, {'observedTime': '2017-09-28T03:00Z', 'kpIndex': 6.0, 'source': 'NOAA'}, {'observedTime': '2017-09-28T06:00Z', 'kpIndex': 7.0, 'source': 'NOAA'}, {'observedTime': '2017-09-28T09:00Z', 'kpIndex': 7.0, 'source': 'NOAA'}]",https://webtools.ccmc.gsfc.nasa.gov/DONKI/view/GST/13231/-1,[{'activityID': '2017-09-27T04:06:00-HSS-001'}],2017-09-27T21:32Z,1,2017-09-27T04:06:00-HSS-001
2017-10-13T12:00:00-GST-001,2017-10-13 12:00:00+00:00,"[{'observedTime': '2017-10-13T15:00Z', 'kpIndex': 6.0, 'source': 'NOAA'}, {'observedTime': '2017-10-13T21:00Z', 'kpIndex': 6.0, 'source': 'NOAA'}]",https://webtools.ccmc.gsfc.nasa.gov/DONKI/view/GST/13291/-1,[{'activityID': '2017-10-11T18:00:00-HSS-001'}],2017-10-13T15:36Z,1,2017-10-11T18:00:00-HSS-001
2017-11-07T18:00:00-GST-001,2017-11-07 18:00:00+00:00,"[{'observedTime': '2017-11-07T21:00Z', 'kpIndex': 6.0, 'source': 'NOAA'}, {'observedTime': '2017-11-08T00:00Z', 'kpIndex': 6.0, 'source': 'NOAA'}, {'observedTime': '2017-11-08T03:00Z', 'kpIndex': 6.0, 'source': 'NOAA'}, {'observedTime': '2017-11-08T06:00Z', 'kpIndex': 6.0, 'source': 'NOAA'}]",https://webtools.ccmc.gsfc.nasa.gov/DONKI/view/GST/13393/-1,[{'activityID': '2017-11-07T01:30:00-HSS-001'}],2017-11-07T21:42Z,1,2017-11-07T01:30:00-HSS-001
2018-03-18T21:00:00-GST-001,2018-03-18 21:00:00+00:00,"[{'observedTime': '2018-03-19T00:00Z', 'kpIndex': 6.0, 'source': 'NOAA'}]",https://webtools.ccmc.gsfc.nasa.gov/DONKI/view/GST/13750/-1,[{'activityID': '2018-03-14T12:00:00-HSS-001'}],2018-03-19T00:35Z,1,2018-03-14T12:00:00-HSS-001
2018-04-20T06:00:00-GST-001,2018-04-20 06:00:00+00:00,"[{'observedTime': '2018-04-20T09:00Z', 'kpIndex': 6.0, 'source': 'NOAA'}, {'observedTime': '2018-04-20T12:00Z', 'kpIndex': 6.0, 'source': 'NOAA'}]",https://webtools.ccmc.gsfc.nasa.gov/DONKI/view/GST/13840/-1,[{'activityID': '2018-04-19T23:30:00-HSS-001'}],2018-04-20T09:25Z,1,2018-04-19T23:30:00-HSS-001
2018-05-06T00:00:00-GST-001,2018-05-06 00:00:00+00:00,"[{'observedTime': '2018-05-06T03:00Z', 'kpIndex': 6.0, 'source': 'NOAA'}]",https://webtools.ccmc.gsfc.nasa.gov/DONKI/view/GST/13879/-1,[{'activityID': '2018-05-05T09:27:00-HSS-001'}],2018-05-06T03:40Z,1,2018-05-05T09:27:00-HSS-001
2018-08-26T00:00:00-GST-001,2018-08-26 00:00:00+00:00,"[{'observedTime': '2018-08-26T03:00Z', 'kpIndex': 6.0, 'source': 'NOAA'}, {'observedTime': '2018-08-26T03:00Z', 'kpIndex': 6.0, 'source': 'NOAA'}, {'observedTime': '2018-08-26T06:00Z', 'kpIndex': 7.0, 'source': 'NOAA'}, {'observedTime': '2018-08-26T06:00Z', 'kpIndex': 7.0, 'source': 'NOAA'}, {'observedTime': '2018-08-26T09:00Z', 'kpIndex': 7.0, 'source': 'NOAA'}, {'observedTime': '2018-08-26T09:00Z', 'kpIndex': 7.0, 'source': 'NOAA'}, {'observedTime': '2018-08-26T18:00Z', 'kpIndex': 6.0, 'source': 'NOAA'}]",https://webtools.ccmc.gsfc.nasa.gov/DONKI/view/GST/14125/-1,"[{'activityID': '2018-08-20T21:24:00-CME-001'}, {'activityID': '2018-08-25T06:00:00-IPS-001'}]",2018-08-26T13:36Z,1,2018-08-20T21:24:00-CME-001
2018-08-27T15:00:00-GST-001,2018-08-27 15:00:00+00:00,"[{'observedTime': '2018-08-27T18:00Z', 'kpIndex': 6.0, 'source': 'NOAA'}, {'observedTime': '2018-08-27T18:00Z', 'kpIndex': 6.0, 'source': 'NOAA'}]",https://webtools.ccmc.gsfc.nasa.gov/DONKI/view/GST/14133/-1,[{'activityID': '2018-08-26T07:00:00-HSS-001'}],2018-08-27T18:31Z,1,2018-08-26T07:00:00-HSS-001
2018-09-11T06:00:00-GST-001,2018-09-11 06:00:00+00:00,"[{'observedTime': '2018-09-11T09:00Z', 'kpIndex': 6.0, 'source': 'NOAA'}, {'observedTime': '2018-09-11T12:00Z', 'kpIndex': 6.0, 'source': 'NOAA'}]",https://webtools.ccmc.gsfc.nasa.gov/DONKI/view/GST/14163/-1,[{'activityID': '2018-09-10T09:47:00-HSS-001'}],2018-09-11T09:32Z,1,2018-09-10T09:47:00-HSS-001
2018-11-05T03:00:00-GST-001,2018-11-05 03:00:00+00:00,"[{'observedTime': '2018-11-05T06:00Z', 'kpIndex': 6.0, 'source': 'NOAA'}]",https://webtools.ccmc.gsfc.nasa.gov/DONKI/view/GST/14276/-1,[{'activityID': '2018-11-04T14:30:00-HSS-001'}],2018-11-05T06:37Z,1,2018-11-04T14:30:00-HSS-001
2019-05-14T03:00:00-GST-001,2019-05-14 03:00:00+00:00,"[{'observedTime': '2019-05-14T06:00Z', 'kpIndex': 6.0, 'source': 'NOAA'}, {'observedTime': '2019-05-14T09:00Z', 'kpIndex': 7.0, 'source': 'NOAA'}]",https://webtools.ccmc.gsfc.nasa.gov/DONKI/view/GST/14756/-1,,2019-05-14T06:33Z,1,
2019-08-31T12:00:00-GST-001,2019-08-31 12:00:00+00:00,"[{'observedTime': '2019-08-31T15:00Z', 'kpIndex': 6.0, 'source': 'NOAA'}, {'observedTime': '2019-09-01T15:00Z', 'kpIndex': 6.0, 'source': 'NOAA'}]",https://webtools.ccmc.gsfc.nasa.gov/DONKI/view/GST/14996/-1,[{'activityID': '2019-08-30T12:17:00-HSS-001'}],2019-08-31T15:27Z,1,2019-08-30T12:17:00-HSS-001
2019-10-25T06:00:00-GST-001,2019-10-25 06:00:00+00:00,"[{'observedTime': '2019-10-25T09:00Z', 'kpIndex': 6.0, 'source': 'NOAA'}]",https://webtools.ccmc.gsfc.nasa.gov/DONKI/view/GST/15120/-1,[{'activityID': '2019-10-24T01:00:00-HSS-001'}],2019-10-25T09:27Z,1,2019-10-24T01:00:00-HSS-001
2020-09-27T21:00:00-GST-001,2020-09-27 21:00:00+00:00,"[{'observedTime': '2020-09-28T00:00Z', 'kpIndex': 6.0, 'source': 'NOAA'}, {'observedTime': '2020-09-28T00:00Z', 'kpIndex': 6.0, 'source': 'NOAA'}]",https://webtools.ccmc.gsfc.nasa.gov/DONKI/view/GST/15887/-1,[{'activityID': '2020-09-27T17:38:00-HSS-001'}],2020-09-28T00:27Z,1,2020-09-27T17:38:00-HSS-001
2021-03-01T03:00:00-GST-001,2021-03-01 03:00:00+00:00,"[{'observedTime': '2021-03-01T06:00Z', 'kpIndex': 6.0, 'source': 'NOAA'}]",https://webtools.ccmc.gsfc.nasa.gov/DONKI/view/GST/16548/-1,"[{'activityID': '2021-02-28T21:41:00-HSS-001'}, {'activityID': '2021-02-28T23:03:00-IPS-001'}]",2021-03-01T06:35Z,1,2021-02-28T21:41:00-HSS-001
2021-03-20T06:00:00-GST-001,2021-03-20 06:00:00+00:00,"[{'observedTime': '2021-03-20T09:00Z', 'kpIndex': 6.0, 'source': 'NOAA'}]",https://webtools.ccmc.gsfc.nasa.gov/DONKI/view/GST/16630/-1,[{'activityID': '2021-03-19T19:00:00-HSS-001'}],2021-03-20T09:35Z,1,2021-03-19T19:00:00-HSS-001
2021-05-12T12:00:00-GST-001,2021-05-12 12:00:00+00:00,"[{'observedTime': '2021-05-12T15:00Z', 'kpIndex': 7.0, 'source': 'NOAA'}, {'observedTime': '2021-05-12T18:00Z', 'kpIndex': 7.0, 'source': 'NOAA'}]",https://webtools.ccmc.gsfc.nasa.gov/DONKI/view/GST/16890/-1,"[{'activityID': '2021-05-09T11:23:00-CME-001'}, {'activityID': '2021-05-12T05:48:00-IPS-001'}, {'activityID': '2021-05-12T12:47:00-MPC-001'}]",2021-05-12T15:41Z,1,2021-05-09T11:23:00-CME-001
2021-10-12T03:00:00-GST-001,2021-10-12 03:00:00+00:00,"[{'observedTime': '2021-10-12T06:00Z', 'kpIndex': 6.0, 'source': 'NOAA'}, {'observedTime': '2021-10-12T12:00Z', 'kpIndex': 6.0, 'source': 'NOAA'}]",https://webtools.ccmc.gsfc.nasa.gov/DONKI/view/GST/17940/-1,[{'activityID': '2021-10-09T07:09:00-CME-001'}],2021-10-12T06:36Z,1,2021-10-09T07:09:00-CME-001
2021-11-03T21:00:00-GST-001,2021-11-03 21:00:00+00:00,"[{'observedTime': '2021-11-04T00:00Z', 'kpIndex': 7.0, 'source': 'NOAA'}, {'observedTime': '2021-11-04T03:00Z', 'kpIndex': 6.0, 'source': 'NOAA'}, {'observedTime': '2021-11-04T09:00Z', 'kpIndex': 7.0, 'source': 'NOAA'}, {'observedTime': '2021-11-04T12:00Z', 'kpIndex': 7.0, 'source': 'NOAA'}, {'observedTime': '2021-11-04T15:00Z', 'kpIndex': 6.0, 'source': 'NOAA'}]",https://webtools.ccmc.gsfc.nasa.gov/DONKI/view/GST/18198/-1,"[{'activityID': '2021-11-01T18:38:00-CME-001'}, {'activityID': '2021-11-01T21:36:00-CME-001'}, {'activityID': '2021-11-02T02:48:00-CME-001'}, {'activityID': '2021-11-03T19:23:00-IPS-001'}, {'activityID': '2021-11-03T21:29:00-MPC-001'}]",2021-11-04T00:55Z,1,2021-11-01T18:38:00-CME-001
2022-01-14T21:00:00-GST-001,2022-01-14 21:00:00+00:00,"[{'observedTime': '2022-01-15T00:00Z', 'kpIndex': 6.0, 'source': 'NOAA'}]",https://webtools.ccmc.gsfc.nasa.gov/DONKI/view/GST/18841/-1,[{'activityID': '2022-01-14T21:39:00-HSS-001'}],2022-01-15T00:41Z,1,2022-01-14T21:39:00-HSS-001
2022-01-19T00:00:00-GST-001,2022-01-19 00:00:00+00:00,"[{'observedTime': '2022-01-19T03:00Z', 'kpIndex': 6.0, 'source': 'NOAA'}]",https://webtools.ccmc.gsfc.nasa.gov/DONKI/view/GST/18884/-1,"[{'activityID': '2022-01-15T16:12:00-CME-001'}, {'activityID': '2022-01-16T20:48:00-CME-001'}, {'activityID': '2022-01-18T23:04:00-IPS-001'}]",2022-01-19T03:26Z,1,2022-01-15T16:12:00-CME-001
2022-02-03T06:00:00-GST-001,2022-02-03 06:00:00+00:00,"[{'observedTime': '2022-02-03T09:00Z', 'kpIndex': 5.0, 'source': 'NOAA'}]",https://webtools.ccmc.gsfc.nasa.gov/DONKI/view/GST/21084/-1,"[{'activityID': '2022-01-29T23:36:00-CME-001'}, {'activityID': '2022-02-01T21:37:00-IPS-001'}]",2022-08-02T19:05Z,1,2022-01-29T23:36:00-CME-001
2022-03-13T12:00:00-GST-001,2022-03-13 12:00:00+00:00,"[{'observedTime': '2022-03-13T15:00Z', 'kpIndex': 6.0, 'source': 'NOAA'}, {'observedTime': '2022-03-13T21:00Z', 'kpIndex': 6.0, 'source': 'NOAA'}, {'observedTime': '2022-03-14T00:00Z', 'kpIndex': 6.0, 'source': 'NOAA'}, {'observedTime': '2022-03-14T03:00Z', 'kpIndex': 6.0, 'source': 'NOAA'}]",https://webtools.ccmc.gsfc.nasa.gov/DONKI/view/GST/19427/-1,"[{'activityID': '2022-03-10T19:23:00-CME-001'}, {'activityID': '2022-03-13T10:11:00-IPS-001'}]",2022-03-13T15:25Z,1,2022-03-10T19:23:00-CME-001
2022-04-10T03:00:00-GST-001,2022-04-10 03:00:00+00:00,"[{'observedTime': '2022-04-10T06:00Z', 'kpIndex': 7.0, 'source': 'NOAA'}]",https://webtools.ccmc.gsfc.nasa.gov/DONKI/view/GST/19718/-1,"[{'activityID': '2022-04-07T05:36:00-CME-001'}, {'activityID': '2022-04-09T12:46:00-IPS-001'}, {'activityID': '2022-04-09T20:44:00-HSS-001'}]",2022-04-10T12:27Z,2,2022-04-07T05:36:00-CME-001
2022-04-14T15:00:00-GST-001,2022-04-14 15:00:00+00:00,"[{'observedTime': '2022-04-14T18:00Z', 'kpIndex': 6.0, 'source': 'NOAA'}, {'observedTime': '2022-04-14T18:00Z', 'kpIndex': 6.0, 'source': 'NOAA'}]",https://webtools.ccmc.gsfc.nasa.gov/DONKI/view/GST/19773/-1,"[{'activityID': '2022-04-11T06:00:00-CME-001'}, {'activityID': '2022-04-14T03:37:00-IPS-001'}]",2022-04-14T18:13Z,1,2022-04-11T06:00:00-CME-001
2022-08-07T21:00:00-GST-001,2022-08-07 21:00:00+00:00,"[{'observedTime': '2022-08-08T00:00Z', 'kpIndex': 6.0, 'source': 'NOAA'}]",https://webtools.ccmc.gsfc.nasa.gov/DONKI/view/GST/21134/-1,"[{'activityID': '2022-08-07T00:45:00-HSS-001'}, {'activityID': '2022-08-07T00:45:00-IPS-001'}]",2022-08-08T00:33Z,1,2022-08-07T00:45:00-HSS-001
2022-08-17T18:00:00-GST-001,2022-08-17 18:00:00+00:00,"[{'observedTime': '2022-08-17T21:00Z', 'kpIndex': 6.0, 'source': 'NOAA'}, {'observedTime': '2022-08-18T00:00Z', 'kpIndex': 6.0, 'source': 'NOAA'}]",https://webtools.ccmc.gsfc.nasa.gov/DONKI/view/GST/21254/-1,"[{'activityID': '2022-08-13T18:48:00-CME-001'}, {'activityID': '2022-08-14T12:48:00-CME-001'}, {'activityID': '2022-08-17T02:14:00-IPS-001'}, {'activityID': '2022-08-17T19:45:00-HSS-001'}]",2022-08-17T21:32Z,1,2022-08-13T18:48:00-CME-001
2022-09-04T03:00:00-GST-001,2022-09-04 03:00:00+00:00,"[{'observedTime': '2022-09-04T06:00Z', 'kpIndex': 6.0, 'source': 'NOAA'}, {'observedTime': '2022-09-04T09:00Z', 'kpIndex': 6.0, 'source': 'NOAA'}, {'observedTime': '2022-09-04T12:00Z', 'kpIndex': 6.0, 'source': 'NOAA'}, {'observedTime': '2022-09-04T18:00Z', 'kpIndex': 6.0, 'source': 'NOAA'}, {'observedTime': '2022-09-04T18:00Z', 'kpIndex': 6.0, 'source': 'NOAA'}]",https://webtools.ccmc.gsfc.nasa.gov/DONKI/view/GST/21526/-1,[{'activityID': '2022-09-03T08:20:00-HSS-001'}],2022-09-04T06:33Z,1,2022-09-03T08:20:00-HSS-001
2022-09-27T00:00:00-GST-001,2022-09-27 00:00:00+00:00,"[{'observedTime': '2022-09-27T03:00Z', 'kpIndex': 6.0, 'source': 'NOAA'}]",https://webtools.ccmc.gsfc.nasa.gov/DONKI/view/GST/21757/-1,[{'activityID': '2022-09-27T01:13:00-HSS-001'}],2022-09-27T13:15Z,2,2022-09-27T01:13:00-HSS-001
2023-02-27T03:00:00-GST-001,2023-02-27 03:00:00+00:00,"[{'observedTime': '2023-02-27T06:00Z', 'kpIndex': 6.0, 'source': 'NOAA'}, {'observedTime': '2023-02-27T09:00Z', 'kpIndex': 6.0, 'source': 'NOAA'}, {'observedTime': '2023-02-27T12:00Z', 'kpIndex': 7.0, 'source': 'NOAA'}, {'observedTime': '2023-02-27T15:00Z', 'kpIndex': 6.0, 'source': 'NOAA'}, {'observedTime': '2023-02-27T18:00Z', 'kpIndex': 6.0, 'source': 'NOAA'}, {'observedTime': '2023-02-27T21:00Z', 'kpIndex': 6.0, 'source': 'NOAA'}]",https://webtools.ccmc.gsfc.nasa.gov/DONKI/view/GST/23985/-1,"[{'activityID': '2023-02-24T20:36:00-CME-001'}, {'activityID': '2023-02-26T18:38:00-HSS-001'}, {'activityID': '2023-02-26T18:43:00-IPS-001'}, {'activityID': '2023-02-26T21:26:00-MPC-001'}, {'activityID': '2023-02-27T10:15:00-IPS-001'}]",2023-02-27T06:34Z,1,2023-02-24T20:36:00-CME-001
2023-03-23T12:00:00-GST-001,2023-03-23 12:00:00+00:00,"[{'observedTime': '2023-03-23T15:00Z', 'kpIndex': 7.0, 'source': 'NOAA'}, {'observedTime': '2023-03-23T21:00Z', 'kpIndex': 6.0, 'source': 'NOAA'}, {'observedTime': '2023-03-24T00:00Z', 'kpIndex': 7.0, 'source': 'NOAA'}, {'observedTime': '2023-03-24T03:00Z', 'kpIndex': 6.0, 'source': 'NOAA'}, {'observedTime': '2023-03-24T06:00Z', 'kpIndex': 8.0, 'source': 'NOAA'}, {'observedTime': '2023-03-24T09:00Z', 'kpIndex': 6.0, 'source': 'NOAA'}]",https://webtools.ccmc.gsfc.nasa.gov/DONKI/view/GST/24366/-1,"[{'activityID': '2023-03-20T02:41:00-CME-001'}, {'activityID': '2023-03-20T14:42:00-CME-001'}, {'activityID': '2023-03-23T09:10:00-IPS-001'}, {'activityID': '2023-03-23T14:52:00-MPC-001'}]",2023-03-23T15:33Z,1,2023-03-20T02:41:00-CME-001
2023-04-23T18:00:00-GST-001,2023-04-23 18:00:00+00:00,"[{'observedTime': '2023-04-23T21:00Z', 'kpIndex': 8.0, 'source': 'NOAA'}, {'observedTime': '2023-04-24T00:00Z', 'kpIndex': 7.0, 'source': 'NOAA'}, {'observedTime': '2023-04-24T03:00Z', 'kpIndex': 7.0, 'source': 'NOAA'}, {'observedTime': '2023-04-24T06:00Z', 'kpIndex': 8.0, 'source': 'NOAA'}, {'observedTime': '2023-04-24T09:00Z', 'kpIndex': 6.0, 'source': 'NOAA'}, {'observedTime': '2023-04-24T12:00Z', 'kpIndex': 6.0, 'source': 'NOAA'}]",https://webtools.ccmc.gsfc.nasa.gov/DONKI/view/GST/24772/-1,"[{'activityID': '2023-04-21T18:12:00-CME-001'}, {'activityID': '2023-04-23T17:00:00-IPS-001'}, {'activityID': '2023-04-23T19:15:00-MPC-001'}]",2023-04-23T21:33Z,1,2023-04-21T18:12:00-CME-001
2023-05-06T03:00:00-GST-001,2023-05-06 03:00:00+00:00,"[{'observedTime': '2023-05-06T06:00Z', 'kpIndex': 6.0, 'source': 'NOAA'}]",https://webtools.ccmc.gsfc.nasa.gov/DONKI/view/GST/24962/-1,[{'activityID': '2023-05-06T00:25:00-IPS-001'}],2023-05-06T06:33Z,1,2023-05-06T00:25:00-IPS-001
2023-05-20T00:00:00-GST-001,2023-05-20 00:00:00+00:00,"[{'observedTime': '2023-05-20T03:00Z', 'kpIndex': 5.67, 'source': 'NOAA'}, {'observedTime': '2023-05-20T06:00Z', 'kpIndex': 5.67, 'source': 'NOAA'}]",https://webtools.ccmc.gsfc.nasa.gov/DONKI/view/GST/25253/-1,"[{'activityID': '2023-05-19T20:36:00-IPS-001'}, {'activityID': '2023-05-20T03:34:00-HSS-001'}]",2023-05-20T13:21Z,2,2023-05-19T20:36:00-IPS-001
2023-05-21T18:00:00-GST-001,2023-05-21 18:00:00+00:00,"[{'observedTime': '2023-05-21T21:00Z', 'kpIndex': 5.67, 'source': 'NOAA'}, {'observedTime': '2023-05-22T00:00Z', 'kpIndex': 6.0, 'source': 'NOAA'}]",https://webtools.ccmc.gsfc.nasa.gov/DONKI/view/GST/25292/-1,[{'activityID': '2023-05-21T14:20:00-IPS-001'}],2023-05-22T12:00Z,3,2023-05-21T14:20:00-IPS-001
2023-06-15T21:00:00-GST-001,2023-06-15 21:00:00+00:00,"[{'observedTime': '2023-06-16T00:00Z', 'kpIndex': 5.67, 'source': 'NOAA'}, {'observedTime': '2023-06-16T06:00Z', 'kpIndex': 6.33, 'source': 'NOAA'}]",https://webtools.ccmc.gsfc.nasa.gov/DONKI/view/GST/25577/-1,"[{'activityID': '2023-06-15T05:46:00-IPS-001'}, {'activityID': '2023-06-15T09:15:00-HSS-001'}]",2023-06-16T00:33Z,1,2023-06-15T05:46:00-IPS-001
2023-08-05T03:00:00-GST-001,2023-08-05 03:00:00+00:00,"[{'observedTime': '2023-08-05T06:00Z', 'kpIndex': 6.67, 'source': 'NOAA'}]",https://webtools.ccmc.gsfc.nasa.gov/DONKI/view/GST/26336/-1,"[{'activityID': '2023-08-02T09:12:00-CME-001'}, {'activityID': '2023-08-05T02:10:00-IPS-001'}]",2023-08-05T06:39Z,1,2023-08-02T09:12:00-CME-001
2023-09-03T00:00:00-GST-001,2023-09-03 00:00:00+00:00,"[{'observedTime': '2023-09-03T03:00Z', 'kpIndex': 5.67, 'source': 'NOAA'}]",https://webtools.ccmc.gsfc.nasa.gov/DONKI/view/GST/26745/-1,[{'activityID': '2023-09-01T18:00:00-HSS-001'}],2023-09-06T15:14Z,2,2023-09-01T18:00:00-HSS-001
2023-09-12T15:00:00-GST-001,2023-09-12 15:00:00+00:00,"[{'observedTime': '2023-09-12T18:00Z', 'kpIndex': 5.67, 'source': 'NOAA'}]",https://webtools.ccmc.gsfc.nasa.gov/DONKI/view/GST/26894/-1,"[{'activityID': '2023-09-12T10:18:00-IPS-001'}, {'activityID': '2023-09-12T13:46:00-MPC-001'}]",2023-09-12T18:33Z,1,2023-09-12T10:18:00-IPS-001
2023-09-19T00:00:00-GST-001,2023-09-19 00:00:00+00:00,"[{'observedTime': '2023-09-19T03:00Z', 'kpIndex': 5.67, 'source': 'NOAA'}, {'observedTime': '2023-09-19T06:00Z', 'kpIndex': 6.67, 'source': 'NOAA'}]",https://webtools.ccmc.gsfc.nasa.gov/DONKI/view/GST/26987/-1,"[{'activityID': '2023-09-14T23:12:00-CME-001'}, {'activityID': '2023-09-16T09:12:00-CME-001'}, {'activityID': '2023-09-18T12:58:00-IPS-001'}, {'activityID': '2023-09-18T17:54:00-MPC-001'}]",2023-09-19T03:33Z,1,2023-09-14T23:12:00-CME-001
2023-09-24T18:00:00-GST-001,2023-09-24 18:00:00+00:00,"[{'observedTime': '2023-09-24T21:00Z', 'kpIndex': 5.67, 'source': 'NOAA'}, {'observedTime': '2023-09-25T00:00Z', 'kpIndex': 5.67, 'source': 'NOAA'}]",https://webtools.ccmc.gsfc.nasa.gov/DONKI/view/GST/27105/-1,"[{'activityID': '2023-09-24T19:52:00-IPS-001'}, {'activityID': '2023-09-24T22:30:00-MPC-001'}]",2023-09-24T21:32Z,1,2023-09-24T19:52:00-IPS-001
2023-11-05T09:00:00-GST-001,2023-11-05 09:00:00+00:00,"[{'observedTime': '2023-11-05T12:00Z', 'kpIndex': 6.0, 'source': 'NOAA'}, {'observedTime': '2023-11-05T15:00Z', 'kpIndex': 6.0, 'source': 'NOAA'}, {'observedTime': '2023-11-05T18:00Z', 'kpIndex': 7.0, 'source': 'NOAA'}, {'observedTime': '2023-11-05T21:00Z', 'kpIndex': 6.33, 'source': 'NOAA'}, {'observedTime': '2023-11-06T06:00Z', 'kpIndex': 5.67, 'source': 'NOAA'}]",https://webtools.ccmc.gsfc.nasa.gov/DONKI/view/GST/27600/-1,"[{'activityID': '2023-11-02T03:36:00-CME-001'}, {'activityID': '2023-11-03T05:48:00-CME-001'}, {'activityID': '2023-11-05T08:10:00-IPS-001'}, {'activityID': '2023-11-05T10:34:00-MPC-001'}, {'activityID': '2023-11-05T11:45:00-IPS-001'}, {'activityID': '2023-11-05T14:52:00-MPC-001'}]",2023-11-06T17:27Z,2,2023-11-02T03:36:00-CME-001
2023-11-25T18:00:00-GST-001,2023-11-25 18:00:00+00:00,"[{'observedTime': '2023-11-25T21:00Z', 'kpIndex': 6.0, 'source': 'NOAA'}]",https://webtools.ccmc.gsfc.nasa.gov/DONKI/view/GST/27882/-1,"[{'activityID': '2023-11-22T21:36:00-CME-001'}, {'activityID': '2023-11-24T18:50:00-IPS-001'}, {'activityID': '2023-11-24T18:50:00-HSS-001'}, {'activityID': '2023-11-25T07:59:00-IPS-001'}, {'activityID': '2023-11-25T09:28:00-MPC-001'}]",2023-11-29T15:14Z,2,2023-11-22T21:36:00-CME-001
2023-12-01T09:00:00-GST-001,2023-12-01 09:00:00+00:00,"[{'observedTime': '2023-12-01T12:00Z', 'kpIndex': 7.0, 'source': 'NOAA'}, {'observedTime': '2023-12-01T15:00Z', 'kpIndex': 6.33, 'source': 'NOAA'}]",https://webtools.ccmc.gsfc.nasa.gov/DONKI/view/GST/27948/-1,"[{'activityID': '2023-11-28T20:24:00-CME-001'}, {'activityID': '2023-11-28T20:48:00-CME-001'}, {'activityID': '2023-12-01T08:48:00-IPS-001'}, {'activityID': '2023-12-01T11:04:00-MPC-001'}]",2023-12-01T12:33Z,1,2023-11-28T20:24:00-CME-001
2023-12-18T06:00:00-GST-001,2023-12-18 06:00:00+00:00,"[{'observedTime': '2023-12-18T09:00Z', 'kpIndex': 6.0, 'source': 'NOAA'}]",https://webtools.ccmc.gsfc.nasa.gov/DONKI/view/GST/28236/-1,"[{'activityID': '2023-12-14T17:38:00-CME-001'}, {'activityID': '2023-12-17T07:32:00-IPS-001'}, {'activityID': '2023-12-17T10:54:00-MPC-001'}]",2023-12-18T09:34Z,1,2023-12-14T17:38:00-CME-001
2024-03-03T18:00:00-GST-001,2024-03-03 18:00:00+00:00,"[{'observedTime': '2024-03-03T21:00Z', 'kpIndex': 5.67, 'source': 'NOAA'}]",https://webtools.ccmc.gsfc.nasa.gov/DONKI/view/GST/29440/-1,"[{'activityID': '2024-02-28T17:48:00-CME-001'}, {'activityID': '2024-03-03T08:47:00-IPS-001'}]",2024-03-03T21:35Z,1,2024-02-28T17:48:00-CME-001
2024-03-23T21:00:00-GST-001,2024-03-23 21:00:00+00:00,"[{'observedTime': '2024-03-24T00:00Z', 'kpIndex': 5.67, 'source': 'NOAA'}]",https://webtools.ccmc.gsfc.nasa.gov/DONKI/view/GST/29751/-1,"[{'activityID': '2024-03-23T12:49:00-IPS-001'}, {'activityID': '2024-03-23T15:35:00-HSS-001'}]",2024-03-24T00:33Z,1,2024-03-23T12:49:00-IPS-001
2024-03-24T12:00:00-GST-001,2024-03-24 12:00:00+00:00,"[{'observedTime': '2024-03-24T15:00Z', 'kpIndex': 6.0, 'source': 'NOAA'}, {'observedTime': '2024-03-24T15:00Z', 'kpIndex': 6.0, 'source': 'NOAA'}, {'observedTime': '2024-03-24T18:00Z', 'kpIndex': 8.0, 'source': 'NOAA'}, {'observedTime': '2024-03-24T21:00Z', 'kpIndex': 6.33, 'source': 'NOAA'}]",https://webtools.ccmc.gsfc.nasa.gov/DONKI/view/GST/29769/-1,"[{'activityID': '2024-03-23T01:25:00-CME-001'}, {'activityID': '2024-03-23T01:48:00-CME-001'}, {'activityID': '2024-03-24T14:10:00-IPS-001'}, {'activityID': '2024-03-24T16:25:00-MPC-001'}]",2024-03-24T15:31Z,1,2024-03-23T01:25:00-CME-001
2024-04-19T18:00:00-GST-001,2024-04-19 18:00:00+00:00,"[{'observedTime': '2024-04-19T21:00Z', 'kpIndex': 7.0, 'source': 'NOAA'}]",https://webtools.ccmc.gsfc.nasa.gov/DONKI/view/GST/30153/-1,"[{'activityID': '2024-04-15T06:48:00-CME-001'}, {'activityID': '2024-04-19T04:53:00-IPS-001'}]",2024-04-19T21:40Z,1,2024-04-15T06:48:00-CME-001
